"indice","convocatoria","colectiva_nombre","colectiva_url","pais","ciudad","actividad_fecha","actividad_hora","actividad_localizacion","actividad_localizacion_latitude","actividad_localizacion_longitude","actividad_localizacion_altitude","actividad_localizacion_precision","actividad_direccion","actividad_url_imagen","actividad_url_convocatoria","actividad_trans_incluyente"
"1","2025","8 Muyeres en Bici","@8Muyeresenbici","ES","Xix√≥n - Gij√≥n","2025-03-01","11:30:00","43.545054 -5.662122 0 0","43.545054","-5.662122","0.0","0.0","Plaza Mayor. 33201 Xix√≥n - Gij√≥n","{{https://x.com/8Muyeresenbici/status/1895755310301950411/photo/1}}","https://www.instagram.com/p/DGi1-D-It8a/",""
"2","2025","Ayuntamiento de Alfaro","https://www.instagram.com/ayuntamiento_de_alfaro_?igsh=MXh3aTE1ZGxiZXdzZQ==","ES","Alfaro","2025-03-08","10:00:00","42.1783 -1.7475 0 0","42.1783","-1.7475","0.0","0.0","Plaza de Espa√±a, 1","{{https://www.instagram.com/p/DGm_oEQMFUl/?igsh=emZkZ3J2ZWZ5OXZj}}","",""
"3","2025","Massa Cr√≠tica Barcelona","https://www.instagram.com/massacriticabcn/","ES","Barcelona","2025-03-07","20:00:00","41.391143 2.180536 0 0","41.391143","2.180536","0.0","0.0",".08018 Barcelona","{{https://scontent.fbcn7-2.fna.fbcdn.net/v/t51.75761-15/482085251_18443909575079996_2790941199341523209_n.jpg?stp=dst-jpg_tt6&_nc_cat=108&ccb=1-7&_nc_sid=127cfc&_nc_ohc=dA3zzm_fQD8Q7kNvgHJnhs2&_nc_oc=AdhZHkqHbXCdVH8Dd4No9I6rGZeH2IIg_CfoPuiLuH8WJwk7DL6LSAo61iLLeVEPUhs&_nc_zt=23&_nc_ht=scontent.fbcn7-2.fna&_nc_gid=Ap9cFjofqZm_zI4tS4lkfUJ&oh=00_AYAssQUfOb56N7siv8nA4h3FcJ7QlORdiz5HaikpPS_0yQ&oe=67C8DF42}}","https://www.instagram.com/p/DGoRDqQuZ1U/",""
"4","2025","Sindicat d'Estudiants","https://sindicatdestudiants.net/","ES","Barcelona","2025-03-07","12:00:00","41.385742 2.163868 0 0","41.385742","2.163868","0.0","0.0","Pla√ßa Universitat. 08007 Barcelona","{{https://sindicatdestudiants.net/images/2025/Gener/7M2025-CAT_cartell.jpg}}","https://sindicatdestudiants.net/images/2025/Gener/7M2025-CAT_full.pdf",""
"5","2025","Sindicat d'Estudiants","https://sindicatdestudiants.net/","ES","Barcelona","2025-03-07","12:00:00","41.119076 1.245385 0 0","41.119076","1.245385","0.0","0.0","Pla√ßa Imperial Tarraco. 43005 Tarragona","{{https://sindicatdestudiants.net/images/2025/Gener/7M2025-CAT_cartell.jpg}}","https://sindicatdestudiants.net/images/2025/Gener/7M2025-CAT_full.pdf",""
"6","2025","Sindicato de Estudiantes","https://www.sindicatodeestudiantes.net/","ES","Gij√≥n - Xix√≥n","2025-03-07","12:00:00","43.54127 -5.662152 0 0","43.54127","-5.662152","0.0","0.0","Pl. del Instituto, Centro, 33201 Gij√≥n - Xix√≥n","{{https://www.sindicatodeestudiantes.net/images/2025/enero/7M/250201_11.jpg#joomlaImage://local-images/2025/enero/7M/250201_11.jpg?width=900&height=600}}","https://www.sindicatodeestudiantes.net/index.php/noticias/feminismo-revolucionario/7m-huelga-estudiantil-feminista",""
"7","2025","Sindicato de Estudiantes","https://www.sindicatodeestudiantes.net/","ES","Oviedo - Uvi√©u","2025-03-07","12:00:00","43.362194 -5.848052 0 0","43.362194","-5.848052","0.0","0.0","Plaza de la Escandalera. Oviedo - Uvi√©u","{{https://www.sindicatodeestudiantes.net/images/2025/enero/7M/250201_11.jpg#joomlaImage://local-images/2025/enero/7M/250201_11.jpg?width=900&height=600}}","https://www.sindicatodeestudiantes.net/index.php/noticias/feminismo-revolucionario/7m-huelga-estudiantil-feminista",""
"8","2025","Geofeministas","https://www.instagram.com/geofeministas/","MX","Ciudad de M√©xico","2025-03-09","17:00:00","19.522906 -99.125785 0 0","19.522906","-99.125785","0.0","0.0","Actividad remota","{{https://drive.google.com/file/d/1yOS-qLM4mU3SmkuuzAuAr4IyejiGL186/view?usp=sharing}}","",""
"9","2025","El Taller, Centro de Sensibilizaci√≥n y Educaci√≥n Humana A. C.","www.instagram.com/lasnahualasdeltaller","MX","Puebla","2025-03-04","17:00:00","19.047281 -98.191754 0 0","19.047281","-98.191754","0.0","0.0","Privada Primera Central 417 Colonia San Francisco CP. 72000 Puebla, Puebla","{{https://scontent.fpbc6-1.fna.fbcdn.net/v/t39.30808-6/481006342_655618340309722_7916823583918847456_n.jpg?_nc_cat=109&ccb=1-7&_nc_sid=833d8c&_nc_eui2=AeFSNoNfYEEfRzeZjU-RgIncCgK7IQu2bM4KArshC7ZszgYTIPeD_JxsWk_vjhWAwOg&_nc_ohc=FSywMTZ9CPoQ7kNvgH_ucAr&_nc_oc=Adjt1Onr2QYQ5Or6-ZPxrztmBNjJNKrmKNGCVyQTA-YQPR6IJeyYW2NLQbMnAY2E94ghJz8GJpzbcRrqWGhfi3aJ&_nc_zt=23&_nc_ht=scontent.fpbc6-1.fna&_nc_gid=Anq6Of9i-wyUhIXTXg9j1B_&oh=00_AYDOeCHyjFyEwCD6766ewaTkpq4WBSzuN4d3VE8ZL-tSPQ&oe=67C918DA}}","",""
"10","2025","El Taller, Centro de Sensibilizaci√≥n y Educaci√≥n Humana A. C.","www.instagram.com/lasnahualasdeltaller","MX","Puebla","2025-03-08","10:00:00","19.03096 -98.201725 0 0","19.03096","-98.201725","0.0","0.0","Boulevard H√©roes del 5 de Mayo 31 Oriente, Ladrillera de Ben√≠tez, 72530 Puebla, Pue. MX","{{https://scontent.fpbc6-1.fna.fbcdn.net/v/t39.30808-6/481214206_656398983564991_5184975738873990577_n.jpg?_nc_cat=111&ccb=1-7&_nc_sid=833d8c&_nc_eui2=AeFmXcMaMSFKEBzovj3zFAohQ0xWBLTBLIhDTFYEtMEsiOTiJzu0-PRPFuF-rSePyRM&_nc_ohc=Z3dqXTA5P6wQ7kNvgEKkRTQ&_nc_oc=Adg_3RcZPr-4MsdgQB4myqpmlMxvUHZoV7SqSk_Fmi0LKMCr8P4k0QJ7EPYGmWLzFmTKjF0ZO-LW2lLtz3eYSf0p&_nc_zt=23&_nc_ht=scontent.fpbc6-1.fna&_nc_gid=AMaT5_jB4gXaoAqt73tlHwr&oh=00_AYAtGU5LI-Rov2V9Y4rpFYvls333WO_AhWxz2r6e4dEYhw&oe=67C935CA}}","",""
"11","2025","El Taller, Centro de Sensibilizaci√≥n y Educaci√≥n Humana A. C.","www.instagram.com/lasnahualasdeltaller","MX","Puebla","2025-03-06","17:00:00","19.047332 -98.191742 0 0","19.047332","-98.191742","0.0","0.0","Privada Primera Central 417 Colonia San Francisco CP 72000","{{https://scontent.fpbc6-1.fna.fbcdn.net/v/t39.30808-6/480499760_651355084069381_6169045812589742475_n.jpg?_nc_cat=101&ccb=1-7&_nc_sid=833d8c&_nc_eui2=AeEAkzDsZfmr1ROC--xlVu4NohjPlMV52NWiGM-UxXnY1ZkVAKtJXMC1uFo80R4fNRc&_nc_ohc=M2szhCl3JGkQ7kNvgGyR249&_nc_oc=Adh5Iy21r4cXh57XnIKqtlRGclL8cpOGzSY1k1BgjH4eL4ROJuSmUh4mqM5bmm78qL9CDzRVYVtHRJ7nggiWWWv1&_nc_zt=23&_nc_ht=scontent.fpbc6-1.fna&_nc_gid=AOTR2KM_NAXr_6TvB2RaI-H&oh=00_AYAXsHTwkv5tvv1LEV7dyZxHAHw_QjWyJyeBOFfdws4WCA&oe=67C93492}}","",""
"12","2025","El Taller, Centro de Sensibilizaci√≥n y Educaci√≥n Humana A. C.","www.instagram.com/lasnahualasdeltaller","MX","Puebla","2025-03-22","10:00:00","19.047327 -98.191754 0 0","19.047327","-98.191754","0.0","0.0","Privada Primera Central 417 Colonia San Francisco CP 72000","{{https://scontent.fpbc6-1.fna.fbcdn.net/v/t39.30808-6/480499760_651355084069381_6169045812589742475_n.jpg?_nc_cat=101&ccb=1-7&_nc_sid=833d8c&_nc_eui2=AeEAkzDsZfmr1ROC--xlVu4NohjPlMV52NWiGM-UxXnY1ZkVAKtJXMC1uFo80R4fNRc&_nc_ohc=M2szhCl3JGkQ7kNvgGyR249&_nc_oc=Adh5Iy21r4cXh57XnIKqtlRGclL8cpOGzSY1k1BgjH4eL4ROJuSmUh4mqM5bmm78qL9CDzRVYVtHRJ7nggiWWWv1&_nc_zt=23&_nc_ht=scontent.fpbc6-1.fna&_nc_gid=AOTR2KM_NAXr_6TvB2RaI-H&oh=00_AYAXsHTwkv5tvv1LEV7dyZxHAHw_QjWyJyeBOFfdws4WCA&oe=67C93492}}","",""
"13","2025","El Taller, Centro de Sensibilizaci√≥n y Educaci√≥n Humana A. C.","www.instagram.com/lasnahualasdeltaller","MX","Puebla","2025-03-27","17:00:00","19.047312 -98.191734 0 0","19.047312","-98.191734","0.0","0.0","Privada Primera Central 417 Colonia San Francisco CP 72000","{{https://scontent.fpbc6-1.fna.fbcdn.net/v/t39.30808-6/480934969_655618393643050_6835453713854377119_n.jpg?_nc_cat=111&ccb=1-7&_nc_sid=833d8c&_nc_eui2=AeFxLmHKPIjsG8P77ZfjkRFdL3BRHgnO4L0vcFEeCc7gvUTa7T-aIBNStF10qOstouw&_nc_ohc=Ilk5AGtKO-QQ7kNvgGvE06i&_nc_oc=Adj06JZsUiZ32c_weNtSbhj639vhvZJNUdArGD413Kx4MM_Mr4me8_koHqsCqhs89YibZTUpuAxnfU0_uJzCnJyq&_nc_zt=23&_nc_ht=scontent.fpbc6-1.fna&_nc_gid=AuM0sN6j525iATyn0rHSlYc&oh=00_AYABqtptwf1tcDnd1bt0gcPN2x27M1WN6nhX3VPX11CvKA&oe=67C92F3B}}","",""
"14","2025","Ameba Uruguay","@ameba_uruguay","UY","Monntevideo","2025-03-08","13:00:00","-34.90401 -56.207623 0 0","-34.90401","-56.207623","0.0","0.0","Misiones 1590 esq. Piedras","{{https://www.instagram.com/reel/DGb4qpLAu0P/?utm_source=ig_web_copy_link&igsh=MzRlODBiNWFlZA==}}","https://www.instagram.com/ameba_uruguay",""
"15","2025","Michis Aborteros","https://www.instagram.com/michis_aborteros?igsh=MWE4ZmcycGQzOGZreA==","MX","Ciudad de M√©xico","2025-03-08","14:00:00","19.426891 -99.167628 0 0","19.426891","-99.167628","0.0","0.0","Angel de la Independencia","{{https://i.imgur.com/tdTzw4D.png}}","https://www.instagram.com/p/DFx-CbbuS0E/?igsh=MThza2IxemlwaXVzYg==",""
"16","2025","Asociaci√≥n para el Desarrollo Ecosocial de Mujeres","Asociaci√≥n para el Desarrollo Ecosocial de Mujeres - Facebook","MX","Canc√∫n","2025-03-08","16:00:00","21.14717 -86.81341 0 0","21.14717","-86.81341","0.0","0.0","Malec√≥n Tajamar, Canc√∫n, Quintana Roo","{{https://www.facebook.com/share/1A1b7q2PGb/}}","",""
"17","2025","CSOA La Enredadera de Tetu√°n","https://laenredaderadetetuan.wordpress.com/","ES","Madrid","2025-03-02","13:30:00","40.455451 -3.700856 0 0","40.455451","-3.700856","0.0","0.0","C/ Coru√±a, 5. 28020 Madrid","{{https://pbs.twimg.com/media/GlB8xxfW8AARJd_?format=jpg&name=medium}}","https://x.com/DRYmadrid/status/1896152645813129233/photo/1",""
"18","2025","Assemblea 8M","https://assemblea8m.cat/","ES","Barcelona","2025-03-08","18:00:00","41.38589 2.163619 0 0","41.38589","2.163619","0.0","0.0","Pla√ßa Universitat. 08007 Barcelona","{{https://assemblea8m.cat/wp-content/uploads/2025/02/8m2025-768x1086.jpg}}","https://assemblea8m.cat/",""
"19","2025","Asturies Feminista","https://www.instagram.com/asturiesfeminista8m/","ES","La Pola Siero","2025-03-04","11:00:00","43.391759 -5.662108 0 0","43.391759","-5.662108","0.0","0.0","Parada de taxis","{{https://scontent.fbcn7-3.fna.fbcdn.net/v/t51.75761-15/480199310_18056153453038681_4566629272224668732_n.jpg?_nc_cat=104&ccb=1-7&_nc_sid=127cfc&_nc_ohc=b9gwABHTRs4Q7kNvgHAcbrW&_nc_oc=AdhvYicpnDpUD657iJ7dTxWQ88bb5En6ih8_Ht4c_J9PrbmKJR20Au2ffHpzONfjNzs&_nc_zt=23&_nc_ht=scontent.fbcn7-3.fna&_nc_gid=AIGq7_DitAw09wMJV5QNw3S&oh=00_AYBtIzVtJXt3fkVcUEc9q4WsHwyRHToy4WH5LWgJUdkD-g&oe=67CA1102}}","https://www.facebook.com/photo/?fbid=656244406757775&set=pcb.656244536757762",""
"20","2025","Asturies Feminista - Mercao feminista","https://www.instagram.com/asturiesfeminista8m/","ES","El Berr√≥n. Asturies","2025-03-06","11:00:00","43.384864 -5.703857 0 0","43.384864","-5.703857","0.0","0.0","Mercado Avenida de Oviedo. El Berr√≥n. Asturies","{{https://scontent.fbcn7-3.fna.fbcdn.net/v/t51.75761-15/480649493_18056153462038681_2068247407249906417_n.jpg?_nc_cat=109&ccb=1-7&_nc_sid=127cfc&_nc_ohc=9S6aVL_sBbEQ7kNvgGzzcKf&_nc_oc=AdjxI3CkRLSy7B-BcKCjfpMCY80paWSRV6k9M_SjZ3fj6Qr9HV-lfXGJ9pEzPUrJyHE&_nc_zt=23&_nc_ht=scontent.fbcn7-3.fna&_nc_gid=Ap0RZfw6BYDmH2O5_dGemwM&oh=00_AYBlinaijZ2OIbl54hB7ZL5aaqN6uNJqZbMWoiojgCiGtw&oe=67CA2FE3}}","https://www.instagram.com/p/DGN6zMssK9X/?img_index=8",""
"21","2025","Asturies 8M","https://www.instagram.com/asturiesfeminista8m/","ES","Xix√≥n - Gij√≥n","2025-03-08","12:00:00","43.535266 -5.645939 0 0","43.535266","-5.645939","0.0","0.0","Carr. de Villaviciosa, 1, Gijon-Este, 33204 Gij√≥n - Xix√≥n, Asturies. (Plaza de Toros)","{{https://pbs.twimg.com/media/Gk-7PE4WgAA4Sxv?format=jpg&name=large}}","https://www.instagram.com/p/DFphvsBMqSL/",""
"22","2025","Asturies Feminista","https://www.instagram.com/asturiesfeminista8m/","ES","Lugones. Asturies","2025-03-01","12:00:00","43.403825 -5.810003 0 0","43.403825","-5.810003","0.0","0.0","Calle Nte., 13D, 33930 Langreo, Asturies","{{https://scontent.fbcn7-3.fna.fbcdn.net/v/t51.75761-15/479988661_18056153483038681_696053114647701547_n.jpg?_nc_cat=105&ccb=1-7&_nc_sid=127cfc&_nc_ohc=DspZXuGsUfsQ7kNvgG9B3h4&_nc_oc=AdhrVCf27IE3NYuQOtVzr58J1DaednGGZ5OlX31eAnrQV7GGKDg4Ca85itGxwd478S4&_nc_zt=23&_nc_ht=scontent.fbcn7-3.fna&_nc_gid=Asz3Xs3E953x8Dk93G0r1v3&oh=00_AYB6Te1RBeTXv3LbIfMRZO6zMs7zeqXpGxsvO2oJ_54XDQ&oe=67CA2798}}","https://www.instagram.com/p/DGN6zMssK9X/?img_index=10",""
"23","2025","Asturies Feminista","https://www.instagram.com/asturiesfeminista8m","ES","Uvi√©u - Oviedo","2025-03-01","12:00:00","43.360084 -5.8462 0 0","43.360084","-5.8462","0.0","0.0","Plaza del Font√°n. 33009 Uvi√©u - Oviedo","{{https://scontent.fbcn7-3.fna.fbcdn.net/v/t51.75761-15/479996750_18056153492038681_1642105791995851615_n.jpg?_nc_cat=109&ccb=1-7&_nc_sid=127cfc&_nc_ohc=P6l5v2BLMbEQ7kNvgHQnIwk&_nc_oc=AdgV6WbI7DP9NvZkN8nY4grCIdlSxoYJab_l9GUNwgpl4odnnpL74lXqBNJ9uoo6Ro8&_nc_zt=23&_nc_ht=scontent.fbcn7-3.fna&_nc_gid=AdIjqKa3RsSgdC0UYzCgyas&oh=00_AYDFn5OIjMZIorIQCLWR9gdnEAetapmW8UsTrK2QENOjeA&oe=67CA1B0A}}","https://www.instagram.com/p/DGN6zMssK9X/?img_index=11",""
"24","2025","Asturies Feminista","https://www.instagram.com/asturiesfeminista8m","ES","Xix√≥n - Gij√≥n","2025-03-02","10:00:00","43.537786 -5.6326 0 0","43.537786","-5.6326","0.0","0.0","Paseo Dr. Fleming, sn, Periurbano - Rural, 33203 Xix√≥n - Gij√≥n, Asturies","{{https://scontent.fbcn7-2.fna.fbcdn.net/v/t51.75761-15/480017206_18056153501038681_5864756038710090219_n.jpg?_nc_cat=100&ccb=1-7&_nc_sid=127cfc&_nc_ohc=NAVvM5tKIU4Q7kNvgHWPBoV&_nc_oc=AdjGfnlZo0SJnUH4TOzbIZzoPLbfF90U-vrzh3nTY1pw0huONZ5qUctCbDndKgbjpVU&_nc_zt=23&_nc_ht=scontent.fbcn7-2.fna&_nc_gid=Ar6nt3oHVi1X5RyUHzVEDuf&oh=00_AYA3soFA8AUnTsaEbdIn0OkHtV-_NbWcK_5NjRCUL4QpSQ&oe=67CA2CAD}}","https://www.instagram.com/p/DGN6zMssK9X/?img_index=12",""
"25","2025","Colectiva Feminista Alunadas","","UY","Fray Bentos","2025-03-08","18:00:00","-33.128836 -58.297432 46.70000076293945 12.916000366210938","-33.128836","-58.297432","46.70000076293945","12.91600036621094","Plaza Levratto","{{https://www.instagram.com/p/DGoYdgvxiV1/?igsh=MXJsNTVjaXp4NzZqcQ==}}","https://www.instagram.com/p/DGoYdgvxiV1/?igsh=MXJsNTVjaXp4NzZqcQ==",""
"26","2025","Colectiva Feminista Alunadas","","UY","Fray Bentos","2025-03-08","18:00:00","-33.128806 -58.297445 46.70000076293945 13.166999816894531","-33.128806","-58.297445","46.70000076293945","13.16699981689453","Plaza Levratto","{{https://www.instagram.com/p/DGoYdgvxiV1/?igsh=MXJsNTVjaXp4NzZqcQ==}}","",""
"27","2025","En las calles, ni un paso atr√°s. Muestra colectiva y participativa. Intervenci√≥n lum√≠nica y de carteles en mural impreso.","@eldemiurgo_ cultural","AR","Merlo-Buenos Aires","2025-03-08","11:00:00","-34.664974 -58.722631 37 100","-34.664974","-58.722631","37.0","100.0","Gral. Manuel Belgrano 1945","{{https://www.instagram.com/eldemiurgo_cultural/profilecard/?igsh=b2VhM3o5OGc4dHFj}}","https://www.instagram.com/eldemiurgo_cultural/profilecard/?igsh=b2VhM3o5OGc4dHFj",""
"28","2025","Comissi√≥ 8M santako","https://x.com/santako8M","ES","Santa Coloma de Gramenet. Barcelona","2025-03-08","12:00:00","41.452305 2.219466 0 0","41.452305","2.219466","0.0","0.0","Pla√ßa de la Mediterr√†nea. 08922 Santa Coloma de Gramenet, Barcelona","{{https://pbs.twimg.com/media/GlIoMNLXAAAvWCP?format=jpg&name=900x900}}","https://x.com/santako8M/status/1896622586475446709",""
"29","2025","Asociaci√≥n Antropolog√≠a UCR","https://www.instagram.com/asocia_antro_ucr/","CR","San Jose","2025-03-07","22:00:00","9.939408 -84.043483 0 0","9.939408","-84.043483","0.0","0.0","Soda de Ciencias Sociales - UCR","{{https://i.imgur.com/5x1Y8Kw.png}}","https://www.instagram.com/p/DGvmurKOHU0/?igsh=bmdrazhvZWpneTdy",""
"30","2025","ColecFem QRO","https://www.instagram.com/colecfem/","MX","Quer√©taro","2025-03-08","10:00:00","20.592053 -100.395074 0 0","20.592053","-100.395074","0.0","0.0","Jard√≠n Guerrero, Quer√©taro","{{https://i.imgur.com/oduCMFN.png}}","https://www.instagram.com/p/DGcX66OgwWf/?igsh=MWw0M3Jua284bHJ6cw%3D%3D",""
"31","2025","Se va a armar la gorda","https://sevaarmarlagorda.wordpress.com/","ES","Barcelona","2025-03-07","18:30:00","41.406997 2.149764 0 0","41.406997","2.149764","0.0","0.0","Pla√ßa Lesseps. Pla√ßa d‚Äôen Joanic. Pla√ßa Gal¬∑la Plac√≠dia.","{{https://sevaarmarlagorda.wordpress.com/wp-content/uploads/2025/02/xv_se_va_a_armar_la_gorda_2025.png}}","https://sevaarmarlagorda.wordpress.com/2025/02/24/xv-se-va-a-armar-la-gorda/",""
"32","2025","Women's March Foundation","https://www.instagram.com/womensmarch_fdn/","US","Los Angeles","2025-03-08","10:00:00","34.048366 -118.25297 0 0","34.048366","-118.25297","0.0","0.0","Pershing Square","{{https://i.imgur.com/KeTvMtu.png}}","https://www.instagram.com/p/DGWklWCSIk4/?igsh=OHFpbTUyM2s1aHNm&img_index=3",""
"33","2025","Women's March","https://www.instagram.com/womensmarch/","US","Nueva York","2025-03-08","11:00:00","40.730931 -73.99735 0 0","40.730931","-73.99735","0.0","0.0","Washington Square to Union Square","{{https://i.imgur.com/9sTy5T9.png}}","https://www.instagram.com/p/DGlYpA1Jrgg/?igsh=MXdtNHUycHVoN21tdA%3D%3D",""
"34","2025","Bristol Womens Voice","https://www.bristolwomensvoice.org.uk/international-womens-day-bristol/international-womens-day-2025/international-womens-day-2025-programme/","GB","Bristol","2025-03-08","10:00:00","41.672991 -72.944416 0 0","41.672991","-72.944416","0.0","0.0","Bristol City Hall","{{https://i.imgur.com/fdaKn1I.png}}","https://www.instagram.com/p/DGBGnUQNzWr/?igsh=MTB6Y2Q5N3p2c20zdg%3D%3D&img_index=6",""
"35","2025","Sexual Assault Center","https://sacha.ca/","CA","Ontario","2025-03-07","10:00:00","43.243694 -79.874362 0 0","43.243694","-79.874362","0.0","0.0","21 Rosedene Avenue","{{https://i.imgur.com/JSMn1zk.png}}","https://www.instagram.com/p/DGoQAq1SNrs/?igsh=andtcG5lcWZqdHlu",""
"36","2025","Mesa Feminista Concepci√≥n","https://www.instagram.com/vogesexudec/","CL","Concepci√≥n","2025-03-08","12:00:00","-36.826431 -73.047073 0 0","-36.826431","-73.047073","0.0","0.0","Tribunales de Justicia","{{https://i.imgur.com/aI48MBc.png}}","https://www.instagram.com/p/DGjOJ4gplne/",""
"37","2025","Coordinadora Feminista de Lleida","https://www.instagram.com/coordifeminista.lleida/","ES","Lleida","2025-03-08","18:00:00","41.620307 0.618439 0 0","41.620307","0.618439","0.0","0.0","Pla√ßa del 8 de Mar√ß. Lleida","{{https://www.feministas.org/IMG/jpg/lleida8m2025.jpg}}","https://www.instagram.com/p/DGqBuNjt06N/",""
"38","2025","Ola Feminista Laguna","https://www.instagram.com/olafeministalaguna/","MX","Lerdo, G√≥mez Palacio, Torre√≥n","2025-03-08","15:00:00","25.542593 -103.52302 0 0","25.542593","-103.52302","0.0","0.0","Parque Victoria","{{https://i.imgur.com/CHWwGun.png}}","https://www.instagram.com/p/DE-Q0_-MtFS/?igsh=OTJ3eDl5ZWI0MDBq&img_index=1",""
"39","2025","Coordinadora 8M Antofagasta","https://www.instagram.com/coordinadora8m.antofagasta/","CL","Antofagasta","2025-03-08","11:00:00","-23.651517 -70.397699 0 0","-23.651517","-70.397699","0.0","0.0","Plaza de la Revoluci√≥n","{{https://i.imgur.com/RUXTg8I.png}}","https://www.instagram.com/p/DGlho6-JyiF/?igsh=OXllaDBlOXRwb2R0",""
"40","2025","Batukada Feminista Guadalajara","https://www.instagram.com/batukadafeministagdl/","MX","Guadalajara","2025-03-08","17:00:00","20.674705 -103.387279 0 0","20.674705","-103.387279","0.0","0.0","Glorieta La Minerva","{{https://i.imgur.com/nM3FEFD.png}}","https://www.instagram.com/p/DGHEnMOub7o/",""
"41","2025","La Paz Arriba","https://www.instagram.com/lapazarriba/","AR","Ciudad Aut√≥noma de Buenos Aires","2025-03-07","20:00:00","-34.596742 -58.393215 0 0","-34.596742","-58.393215","0.0","0.0","Avenida Callao 1082","{{https://i.imgur.com/YNISazM.png}}","https://www.instagram.com/p/DGiooOiR4u8/?igsh=M3BpaGExMzhvZ3lq&img_index=1",""
"42","2025","Colectiva Libre Fronterizas","https://www.instagram.com/colectivalibrefronterizas/","MX","Heroica Nogales","2025-03-08","15:00:00","31.331642 -110.946645 0 0","31.331642","-110.946645","0.0","0.0","Calle Campillo, Colonia Fundo Legal","{{https://i.imgur.com/iwG8ihX.png}}","https://www.instagram.com/p/DF-0o5ru14J/",""
"43","2025","Federaci√≥n Galega de Espeleolox√≠a","https://www.espeleoloxia.org/web/es/","ES","Mondo√±edo","2025-03-08","18:30:00","43.428386 -7.364455 138 1","43.428386","-7.364455","138.0","1.0","R√∫a Pacheco, 5, 27740 Mondo√±edo, Lugo","{{https://www.facebook.com/watch/?v=2156614511460337}}","",""
"44","2025","NiUnxMenos Red","https://www.instagram.com/niunxmenosred/","DE","Berlin","2025-03-08","15:00:00","52.503105 13.416376 0 0","52.503105","13.416376","0.0","0.0","Oranienplatz","{{https://i.imgur.com/WHhkE2g.png}}","https://www.instagram.com/p/DGnlOQLN5fk/?igsh=dnN1cTM4cDZiZG8x&img_index=2",""
"45","2025","NiUnxMenos Red","https://www.instagram.com/niunxmenosred/","DE","Berlin","2025-03-08","14:00:00","49.448512 11.064767 0 0","49.448512","11.064767","0.0","0.0","Plarrer Nuremberg","{{https://i.imgur.com/goKZywM.png}}","https://www.instagram.com/p/DGnlOQLN5fk/?igsh=dnN1cTM4cDZiZG8x&img_index=3",""
"46","2025","Latinas Unidas","https://www.instagram.com/latinas_unidas_de/","DE","Frankfurt","2025-03-08","11:30:00","50.118182 8.650481 0 0","50.118182","8.650481","0.0","0.0","Cafe Rabe,  Jordan Stra√üe 3","{{https://i.imgur.com/M2lnwEc.png}}","https://www.instagram.com/p/DGlKhitofMa/",""
"47","2025","Aktionsbuendnis 8 Maerz","https://www.instagram.com/aktionsbuendnis_8.maerz_muc/","DE","Munich","2025-03-08","16:00:00","48.137105 11.575864 0 0","48.137105","11.575864","0.0","0.0","Marienplatz","{{https://i.imgur.com/tcbLN8s.png}}","https://www.instagram.com/p/DGs4lXStioh/?img_index=1",""
"48","2025","Las Cayenas","https://www.instagram.com/las.cayenas/","DE","Marburg","2025-03-08","17:00:00","50.801864 8.766266 0 0","50.801864","8.766266","0.0","0.0","AM HBF Marburg","{{https://i.imgur.com/0CEZM78.png}}","https://www.instagram.com/p/DF8BuFkCm5V/?img_index=1",""
"49","2025","Furia Mexicana","https://www.instagram.com/furiamexicana/","ES","Barcelona","2025-03-08","17:00:00","41.384853 2.165062 0 0","41.384853","2.165062","0.0","0.0","Pla√ßa de Castella","{{blob:https://imgur.com/a6079cd4-4a0e-4e62-9d5d-c605e1a996f3}}","https://www.instagram.com/p/DGVy4cdqK4w/?img_index=1",""
"50","2025","Feministas en Holanda","https://www.instagram.com/feministasenholanda/","NL","Amsterdam","2025-03-08","12:00:00","52.373056 4.892254 0 0","52.373056","4.892254","0.0","0.0","Dam Square","{{blob:https://imgur.com/d4632bcf-35ee-4ab8-8216-c0d6311382ec}}","https://www.instagram.com/p/DGbXpJSocnd/",""
"51","2025","Feministas en Rotterdam","https://www.instagram.com/feministas.rotterdam/","NL","Rotterdam","2025-03-08","16:00:00","51.9241 4.478291 0 0","51.9241","4.478291","0.0","0.0","Stadhuis Rotterdam","{{https://i.imgur.com/LZUBWvi.png}}","https://www.instagram.com/p/DGfp1m9Ip0F/",""
"52","2025","Club La Granja","","AR","La Granja","2025-03-08","17:00:00","-31.006688 -64.264189 0 0","-31.006688","-64.264189","0.0","0.0","Club La Granja, Ruta E53, La Granja, C√≥rdoba","{{https://i.ibb.co/LDLCm4Sd/PHOTO-2025-03-03-12-38-06.jpg}}","",""
"53","2025","Sozial Aber Nicht Bl√∂d","https://www.facebook.com/share/15zrAmHoMa/?mibextid=wwXIfr","AT","Viena","2025-03-07","14:00:00","48.1970966 16.3459161 0 0","48.1970966","16.3459161","0.0","0.0","https://maps.app.goo.gl/tmZy3bDdgQTR59nQ6?g_st=com.google.maps.preview.copy","{{https://www.betriebsrat-bim.at/wp-content/uploads/elementor/thumbs/Kundgebung-BVs_07032025-r1qefxis493f5g6gu5c6sep2l6w57nshaq09b564c0.jpg}}","https://facebook.com/events/s/carestreik-gegen-rechts-kundge/561440936928759/",""
"54","2025","Coordinadora 8M - Takeback8m","https://www.instagram.com/takeback8m/","AT","Viena","2025-03-08","14:30:00","48.214977 16.360178 0 0","48.214977","16.360178","0.0","0.0","Sigmund-Freud-Park","{{https://i.imgur.com/XqIB4TG.png}}","https://www.instagram.com/p/DGgf644sUzZ/?img_index=1",""
"55","2025","Feminist Assembly of Latin American diaspora in the UK","https://www.instagram.com/falatinamericans/","GB","London","2025-03-08","15:00:00","51.507351 -0.127253 0 0","51.507351","-0.127253","0.0","0.0","Regent‚Äôs Park - Gandalf‚Äôs Corner, NW1 4LB. (corner of Outer Circ and Park Square)","{{https://i.imgur.com/L8GGz6U.png}}","https://www.instagram.com/p/DGgbnmCo__0/?img_index=1",""
"56","2025","Colectiva Feminista Las Polas","https://www.instagram.com/laspolascolfem?igsh=Z3p1cnMwOHc4NmE=","CO","Yopal","2025-03-08","14:00:00","5.342358 -72.397842 0 0","5.342358","-72.397842","0.0","0.0","Parque la Herradura","{{https://www.instagram.com/p/DGv4kdxPHWB/?igsh=MXdvc2t5bWs3eTQ5dA==}}","https://www.instagram.com/p/DGv4kdxPHWB/?igsh=MXdvc2t5bWs3eTQ5dA==",""
"57","2025","Ni Una Menos Z√ºrich","https://www.instagram.com/niunamenoszurich/","CH","Zurich","2025-03-08","13:30:00","47.37019 8.538857 0 0","47.37019","8.538857","0.0","0.0","Paradeplatz","{{https://i.imgur.com/5eyOElE.png}}","https://www.instagram.com/p/DGtJz9GK4Fq/?img_index=1",""
"58","2025","Mujeres con voz","https://www.instagram.com/beradfemxela/","GT","Quetzaltenango","2025-03-07","11:00:00","14.846407 -91.519079 0 0","14.846407","-91.519079","0.0","0.0","Parque Central de Xela","{{https://i.imgur.com/e3umJYL.png}}","https://www.instagram.com/p/DGi5Ob2P1M8/?img_index=2",""
"59","2025","Mujeres con voz","https://www.instagram.com/beradfemxela/","GT","Quetzaltenango","2025-03-08","14:00:00","14.834025 -91.518268 0 0","14.834025","-91.518268","0.0","0.0","Parque central de Xela","{{https://i.imgur.com/5dRDKwg.png}}","https://www.instagram.com/p/DGi5Ob2P1M8/?img_index=3",""
"60","2025","La Morada","https://www.instagram.com/_la.morada","CL","Los Angeles","2025-03-08","18:00:00","-37.470876 -72.35168 0 0","-37.470876","-72.35168","0.0","0.0","Anfiteatro Plaza de Armas","{{https://i.imgur.com/SbgltRT.png}}","https://www.instagram.com/p/DGGc4T6OJry/",""
"61","2025","Plataforma Feminista del Camp","https://www.instagram.com/plataformafeministacamp/","ES","Tarragona","2025-03-08","18:00:00","41.119029 1.245437 0 0","41.119029","1.245437","0.0","0.0","Pla√ßa Imperial","{{https://i.imgur.com/S5HSGa4.png}}","https://www.instagram.com/p/DGaWez-NoVY/?igsh=MXV5dHNwc3k0b2h4bw%3D%3D",""
"62","2025","Mujeres, voces y resistencias","https://www.instagram.com/mvr_vlc/","ES","Valencia","2025-03-08","15:30:00","39.456226 -0.369074 0 0","39.456226","-0.369074","0.0","0.0","CIE de Sapadors Av. Dr. Waksman 52-54","{{https://i.imgur.com/1SQjgCn.png}}","https://www.instagram.com/p/DGkuU07AT0B/?igsh=MTVlcjI3cWYzOWVoOA%3D%3D",""
"63","2025","ùóôùóòùó†ùó´ùóôùóòùó†","https://www.instagram.com/femx.fem/","MX","M√©rida","2025-03-08","18:00:00","20.966542 -89.620367 0 0","20.966542","-89.620367","0.0","0.0","La antimonumenta C.56486A","{{https://i.imgur.com/LlB5ACL.png}}","https://www.instagram.com/p/DGPDU7cS29V/?img_index=2",""
"64","2025","ùóôùóòùó†ùó´ùóôùóòùó†","https://www.instagram.com/femx.fem/","MX","M√©rida","2025-03-08","11:00:00","19.423633 -99.16295 0 0","19.423633","-99.16295","0.0","0.0","Glorieta de las mujeres que luchan","{{https://i.imgur.com/hKCLcR7.png}}","https://www.instagram.com/p/DGPDU7cS29V/?img_index=3",""
"65","2025","Colectiva Enguarichadas","https://www.instagram.com/colectiva.enguarichadas/","CO","Bogot√°","2025-03-08","10:00:00","4.653372 -74.102372 0 0","4.653372","-74.102372","0.0","0.0","Monumento La Pola - Avenida 26 con carrera 4a","{{https://i.imgur.com/F1vdNJK.png}}","https://www.instagram.com/p/DGRb3rovAXy/?img_index=1",""
"66","2025","Coordinadora Feminista Santiago","https://www.instagram.com/coordinadorafeminista8m/","CL","Santiago","2025-03-08","10:00:00","-33.436895 -70.634389 0 0","-33.436895","-70.634389","0.0","0.0","Plaza Dignidad","{{https://i.imgur.com/Ha7Xh3Z.png}}","https://www.instagram.com/p/DGjPFEWvqrC/?img_index=2",""
"67","2025","Mesa Feminista de Puente Alto","https://www.instagram.com/fem.reinaldapereiraptealto/","CL","Puente Alto","2025-03-08","18:00:00","-33.589566 -70.579356 0 0","-33.589566","-70.579356","0.0","0.0","Metro Protectora de la Infancia Puente Alto","{{https://i.imgur.com/6YWbkqL.png}}","https://www.instagram.com/p/DGecEltOINw/",""
"68","2025","Somos un rostro colectivo","https://www.instagram.com/somosunrostrocolectivo/","CO","Bogot√°","2025-03-08","14:00:00","4.631947 -74.06483 0 0","4.631947","-74.06483","0.0","0.0","Calle 45 Carrera 7ma","{{https://i.imgur.com/2uHrfnu.png}}","https://www.instagram.com/p/DGUKmTHNDV0/",""
"69","2025","Puebla x Palestina","https://www.instagram.com/pueblaxpalestina/","MX","Puebla","2025-03-08","00:45:00","19.047227 -98.206667 0 0","19.047227","-98.206667","0.0","0.0","Kiosko Paseo Bravo","{{https://i.imgur.com/CND7GPI.png}}","https://www.instagram.com/p/DGb0Y-UOBKi/?img_index=1",""
"70","2025","La Fatshionista","https://www.instagram.com/lafatshionista/","MX","Ciudad de M√©xico","2025-03-08","11:30:00","19.433042 -99.154625 0 0","19.433042","-99.154625","0.0","0.0","Glorieta de las mujeres que luchan","{{https://i.imgur.com/nm9CX51.png}}","https://www.instagram.com/p/DGl6Q1KxrcV/?igsh=eGFjNmxnM3NpOWQy",""
"71","2025","Somos Fuego Costa Rica","https://www.instagram.com/somosfuego_cr/","CR","San Jos√©","2025-03-08","13:00:00","9.932729 -84.07964 0 0","9.932729","-84.07964","0.0","0.0","Parque Central","{{https://i.imgur.com/iWibjPH.png}}","https://www.instagram.com/p/DGb48ZMRaks/",""
"72","2025","Vallarta Fem","https://www.instagram.com/vallartafem/","MX","Puerto Vallarta","2025-03-08","17:30:00","20.631496 -105.228648 0 0","20.631496","-105.228648","0.0","0.0","Parque de las mujeres","{{https://i.imgur.com/gSRKg2x.png}}","https://www.instagram.com/p/DGioGp-SpBD/?igsh=eXFpYmpqeGZoY25p",""
"73","2025","Ni una mas Hermosillo","https://www.instagram.com/niunamashmo/","MX","Hermosillo","2025-03-08","16:00:00","29.084336 -110.960851 0 0","29.084336","-110.960851","0.0","0.0","Escalinatas de la Unison","{{https://i.imgur.com/Fj0zEop.png}}","https://www.instagram.com/p/DF08t-qxEk9/",""
"74","2025","Asamblea Feminista SV","https://www.instagram.com/asambleafeministasv/","SV","Cuscatl√°n","2025-03-08","08:00:00","13.699381 -89.206608 0 0","13.699381","-89.206608","0.0","0.0","Alameda Franklin Delano Roosevelt, Parque Cuscatl√°n","{{https://i.imgur.com/49rr2e3.png}}","https://www.instagram.com/p/DGeZfubA2sK/?igsh=dDR2dWxwbXl0aTNh",""
"75","2025","Movilizaci√≥n 8M San Luis Potos√≠","https://www.instagram.com/rumboal8mslp/","MX","San Luis Potos√≠","2025-03-08","16:00:00","22.150669 -100.975545 0 0","22.150669","-100.975545","0.0","0.0","Alameda frente a la Iglesia San Jos√©","{{https://i.imgur.com/WRnPvjX.png}}","https://www.instagram.com/p/DGoel-xOnHK/",""
"76","2025","BCSicicletas","","MX","La Paz","2025-03-07","16:00:00","24.149931 -110.328212 25.400146484375 100","24.149931","-110.328212","25.400146484375","100.0","Callej√≥n topete esquina Calle Sonora, ciudad de la Paz Baja California Sur","{{https://www.facebook.com/share/p/1EL7aVHc4M/}}","https://www.facebook.com/share/p/1A71aD9vnQ/",""
"77","2025","La Comisi√≥n de Investigaci√≥n y G√©nero RAICEX (IgR) - ASIERI","https://raicex.org/","IT","Roma","2025-03-08","11:00:00","41.91497 12.50043 0 0","41.91497","12.50043","0.0","0.0","Via di Villa Albani, 16, 00198 Roma RM, Italia","{{https://www.asieri.com/eventos/}}","https://www.asieri.com/eventos/",""
"78","2025","Velocissima","","ES","Barcelona","2025-03-08","09:00:00","41.39833 2.153396 0 0","41.39833","2.153396","0.0","0.0","Barcelona","{{https://www.instagram.com/p/DGTOtKHMf4A/?img_index=1}}","",""
"79","2025","Kolekivi Feminist","https://facebook.com/KolektiviFeministAL/","AL","Tirana","2025-03-08","11:00:00","41.31795 19.82133 100 3.0612244606018066","41.31795","19.82133","100.0","3.061224460601807","Sheshi N√´n√´ Tereza, Nj√´sia Bashkiake Nr. 2","{{https://m.facebook.com/photo.php?fbid=650715060846668}}","",""
"80","2025","Facultad de Educaci√≥n UNIZAR","https://educacion.unizar.es/","ES","Zaragoza","2025-03-07","10:00:00","41.641558 -0.900346 225.96153732114016 22.657557046190178","41.641558","-0.900346","225.9615373211402","22.65755704619018","Pedro Cerbuna, 12. Zaragoza (Espa√±a)","{{https://educacion.unizar.es/}}","https://educacion.unizar.es/",""
"81","2025","Plataforma de lucha contra la violencia hacia las mujeres","","BO","Santa Cruz de la Sierra","2025-03-08","17:00:00","-17.77456 -63.18262 0 0","-17.77456","-63.18262","0.0","0.0","Plaza del estudiante, Santa Cruz","{{https://maps.app.goo.gl/deYX31316cSG3PpK7}}","","NO_SE"
"82","2025","She Advocates Society","","AU","Brisbane","2025-03-08","13:00:00","-27.4691 153.04851 0 0","-27.4691","153.04851","0.0","0.0","New Farm Neighbourhood Centre","{{https://i.imgur.com/kIWOJWl.png}}","https://www.internationalwomensday.com/Activity/20898/IWD-Celebration-for-Women-and-Girls",""
"83","2025","Marcha Mulheres","https://www.marchamundialdasmulheres.org.br/","BR","Minas Gerais","2025-03-08","10:00:00","-17.930154 -43.790268 0 0","-17.930154","-43.790268","0.0","0.0","Minas gerais","{{https://www.marchamundialdasmulheres.org.br/wp-content/uploads/2025/02/Cards-8-de-marco-Nacional4-1.png}}","https://www.marchamundialdasmulheres.org.br/informativo-nacional-rumo-ao-8-de-marco/",""
"84","2025","Me Muevo por Colombia","@Memuevoporcolombia","MX","Ciudad de M√©xico","2025-03-08","13:00:00","19.370901 -99.154438 2251.625045478233 18.274537125994904","19.370901","-99.154438","2251.625045478233","18.2745371259949","Plaza del danzon","{{https://facebook.com/events/s/8m-contigente-de-colombianas-y/1399644027688153/}}","https://facebook.com/events/s/8m-contigente-de-colombianas-y/1399644027688153/",""
"85","2025","8M Rio de Janeiro","https://www.instagram.com/8m.rj/","BR","Rio de Janeiro","2025-03-10","16:00:00","-22.901284 -43.177695 0 0","-22.901284","-43.177695","0.0","0.0","Candelaria","{{https://i.imgur.com/EvN6eTC.png}}","https://www.instagram.com/p/DF-eo-rRLxH/",""
"86","2025","8M Unificadas DF e Entorno","","BR","Brasilia","2025-03-08","13:00:00","-15.793909 -47.883363 0 0","-15.793909","-47.883363","0.0","0.0","Rodovi√°ria do Plano Piloto","{{https://i.imgur.com/90M6ZwK.png}}","https://brasilpopular.com/8m-unificadas-df-e-entorno-2025/",""
"87","2025","Secretaria Municipal de Pol√≠ticas para a Mulher Lages","https://www.lages.sc.gov.br/","BR","Lages","2025-03-08","10:00:00","-27.829519 -50.338173 0 0","-27.829519","-50.338173","0.0","0.0","Pra√ßa 8 de Mar√ßo, situada no bairro S√£o Crist√≥v√£o, em frente ao Terminal Rodovi√°rio Dom Honorato Piazera","{{https://www.lages.sc.gov.br/imagens_noticias/1739391271782.jpg}}","https://www.lages.sc.gov.br/noticia-descricao/6660/evento-dia-%E2%80%9Cm%E2%80%9D-ira-enaltecer-dia-internacional-da-mulher-com-realizacao-da-1%C2%AA-corrida-e-caminhada-promovida-pela-secretaria-municipal-de-politicas-para-a-mulher",""
"88","2025","Movimiento Feminista de la frontera, 8M Rivera/Livramento","","UY","Rivera","2025-03-08","17:30:00","-30.900059 -55.540544 230.60000610351562 23.14900016784668","-30.900059","-55.540544","230.6000061035156","23.14900016784668","Plaza Artigas, Rivera","{{https://drive.google.com/file/d/1kwbB2lVS1uRXDpyeJhkJJlUTStlMa2bF/view?usp=drivesdk}}","",""
"89","2025","Paro de Mujeres Paraguay","https://www.instagram.com/paromujerespy/","PY","Asunci√≥n","2025-03-08","17:00:00","-25.284868 -57.629952 0 0","-25.284868","-57.629952","0.0","0.0","Plaza Uruguaya","{{https://i.imgur.com/gRfIzXx.png}}","https://www.instagram.com/p/DGqMQTZR_ld/?img_index=1","SI"
"90","2025","Consorcio Oaxaca","https://www.instagram.com/consorciooaxaca/","MX","Oaxaca","2025-03-08","15:00:00","17.060709 -96.723076 0 0","17.060709","-96.723076","0.0","0.0","Z√≥calo de la ciudad de Oaxaca","{{https://i.imgur.com/uVZqY4s.png}}","https://www.instagram.com/p/DGx68L0Pw9f/",""
"91","2025","Asamblea Feminista Unitaria Sevilla","@afu_sevilla","ES","sevilla","2025-03-08","18:00:00","37.390912 -6.009858 0.1 0","37.390912","-6.009858","0.1","0.0","https://www.google.es/maps/place/Torre+Sevilla,+41092+Sevilla/@37.3916809,-6.0089613,17.5z/data=!4m15!1m8!3m7!1s0xd126c71c0eda5f3:0x6f8db9ee73f3c556!2sTorre+Sevilla,+41092+Sevilla!3b1!8m2!3d37.3914323!4d-6.0104899!16s%2Fm%2F0gyvh6m!3m5!1s0xd126c71c0eda5f3:0x6f8db9ee73f3c556!8m2!3d37.3914323!4d-6.0104899!16s%2Fm%2F0gyvh6m?hl=es&entry=ttu&g_ep=EgoyMDI1MDIyNi4xIKXMDSoASAFQAw%3D%3D","{{https://www.instagram.com/afu_sevilla/?locale=ne_np&hl=am-et}}","",""
"92","2025","Wikimedia M√©xico","https://x.com/editatona","MX","Ciudad de M√©xico","2025-03-06","11:00:00","19.331165 -99.186656 0 0","19.331165","-99.186656","0.0","0.0","Escolar, C.U., Coyoac√°n, 04510 Ciudad de M√©xico, CDMX","{{https://x.com/editatona/status/1895534260960051497/photo/1}}","",""
"93","2025","Wikimedia M√©xico","https://x.com/editatona","MX","Ciudad de M√©xico","2025-03-15","10:00:00","19.440236 -99.102992 0 13.245","19.440236","-99.102992","0.0","13.245","Paseo Alejandro Cervantes Delgado s/n, Lomas del Porvenir, 39034 Chilpancingo de los Bravo, Gro.","{{https://x.com/editatona/status/1896605041022415113}}","",""
"94","2025","Wikimedia M√©xico","https://x.com/editatona","MX","Ciudad de M√©xico","2025-03-22","11:00:00","19.314799 -99.185396 0 0","19.314799","-99.185396","0.0","0.0","Av. Insurgentes Sur 3000, C.U., Coyoac√°n, 04510 Ciudad de M√©xico, CDMX","{{https://x.com/editatona/status/1890521218991698326/photo/1}}","",""
"95","2025","Wikimedia M√©xico","https://x.com/editatona","MX","Ciudad de M√©xico","2025-03-01","11:00:00","20.720327 -103.389808 0 0","20.720327","-103.389808","0.0","0.0","Prol. 20 De Noviembre 166, centro historico, 45100 Zapopan, Jal.","{{https://x.com/editatona/status/1892632462716497965/photo/1}}","",""
"96","2025","Wikimedia M√©xico","https://x.com/editatona","MX","Ciudad de M√©xico","2025-03-03","15:00:00","20.738157 -103.381128 0 0","20.738157","-103.381128","0.0","0.0","Perif√©rico Norte Manuel G√≥mez Mor√≠n, C. Prol. Belenes # 1695, 45180 Zapopan, Jal.","{{https://x.com/editatona/status/1892273964828803333/photo/1}}","",""
"97","2025","Gadeas, Sociedad de Estudio Hist√≥ricos y Culturales","https://gadeas.org/","ES","Villalba del Alcor","2025-03-14","18:00:00","37.398266 -6.477716 201.40000915527344 15.130999565124512","37.398266","-6.477716","201.4000091552734","15.13099956512451","Sal√≥n de Conferencias Municipal","{{https://drive.google.com/file/d/12h4zF_yWnnUO_EW7u1J7opv9tYlOQZ8o/view?usp=drivesdk}}","",""
"98","2025","Observat√≥rio Digital das Mulheres Latino-americanas","https://mulherdigital.institutodeletras.uerj.br","BR","Rio de Janeiro","2025-03-20","14:00:00","-22.911574 -43.236017 0 0","-22.911574","-43.236017","0.0","0.0","R. S√£o Francisco Xavier, 524 - Maracan√£, Rio de Janeiro - RJ, 20550-013","{{https://www.instagram.com/p/DGY42Exy_CM/?img_index=1}}","https://www.instagram.com/p/DGY42Exy_CM/?img_index=1",""
"99","2025","InfraSisters","https://www.infrasisters.org.uk","GB","Edinburgh","2025-03-10","12:30:00","55.934423 -3.174842 120.30000305175781 14.640999794006348","55.934423","-3.174842","120.3000030517578","14.64099979400635","Waverley Court, Edinburgh","{{https://infrasisters.org.uk/img/posters/noodlebike.jpg}}","https://infrasisters.org.uk/post/safe-space-march-10-2025/","SI"
"100","2025","Las autoconvocadas SPS","https://www.instagram.com/autoconvocadas_sps/","HN","San Pedro Sula","2025-03-08","14:30:00","15.505428 -88.024768 0 0","15.505428","-88.024768","0.0","0.0","Parque central San Pedro Sula","{{https://i.imgur.com/ubKiyX0.png}}","https://www.instagram.com/p/DGzHUXRAlI0/","NO_SE"
"101","2025","Mujer Dispara","https://www.instagram.com/mujerdispara/","PE","Lima","2025-03-08","14:00:00","-12.0605 -77.036953 0 0","-12.0605","-77.036953","0.0","0.0","Palacio de la Justicia, centro de Lima","{{https://i.imgur.com/l359taO.png}}","https://www.instagram.com/p/DGQpBD8x-hs/?igsh=N2JqbzdnM2xod3Z0","SI"
"102","2025","Mor Dayanƒ±≈üma","https://www.instagram.com/izmirmordayanisma/","TR_1","Esmirna","2025-03-08","18:30:00","38.4408 27.145065 0 0","38.4408","27.145065","0.0","0.0","Alsancak Gar","{{https://i.imgur.com/uq935sc.png}}","https://www.instagram.com/p/DG1KxxcMPWX/","NO_SE"
"103","2025","Tejiendo Memorias","https://www.instagram.com/tejiendomemorias04/","EC","Tulc√°n","2025-03-08","16:00:00","0.809592 -77.7221 0 0","0.809592","-77.7221","0.0","0.0","Uni√≥n de las dos Calles","{{https://i.imgur.com/PhEoZCn.png}}","https://www.instagram.com/p/DG0QNPLtpdh/?img_index=1","NO_SE"
"104","2025","Palabras Poderosxs","https://www.instagram.com/palabraspoderosxs/","PA","Ciudad de Panam√°","2025-03-08","16:00:00","8.972384 -79.529825 0 0","8.972384","-79.529825","0.0","0.0","Anfiteatro Cinta Costera","{{https://i.imgur.com/W4kKx2h.png}}","https://www.instagram.com/p/DGvatcROUS1/?igsh=ZXl5NjMzY2E3ZHp2","SI"
"105","2025","WE R WOMEN ON FIRE","https://www.instagram.com/werwomenonfire/","MX","Puebla","2025-03-08","15:00:00","19.043438 -98.197784 0 0","19.043438","-98.197784","0.0","0.0","El Gallito","{{https://i.imgur.com/EbwVHA2.png}}","https://www.instagram.com/p/DFf6DlZSR6C/?igsh=MThqdjZsZXl3dzRmdA%3D%3D","SI"
"106","2025","Taula de Dones del Casc Antic","","ES","Barcelona","2025-03-07","12:01:00","41.386361 2.178157 0 0","41.386361","2.178157","0.0","0.0","Mercat de Santa Caterina","{{https://guia.barcelona.cat/es/detall/mural-exposicio-del-dia-de-la-dona-treballadora_99400731427.html}}","","SI"
"107","2025","Girls in Tech Liberia","https://www.facebook.com/gitliberia","LR","Paynesville","2025-03-07","15:15:00","6.259481 -10.708376 0 0","6.259481","-10.708376","0.0","0.0","S.D. Cooper Road, Paynesville","{{https://i.imgur.com/u9ub7vX.png}}","https://www.facebook.com/photo.php?fbid=1174108344720193&set=pb.100063631150718.-2207520000&type=3","NO_SE"
"108","2025","Pan Africa ILGA","https://panafricailga.org/","ZA","Remote","2025-03-07","12:00:00","-33.852455 19.453986 0 0","-33.852455","19.453986","0.0","0.0","Remote activity","{{https://i.imgur.com/KdtdGif.png}}","https://x.com/PanAfricaILGA/status/1896880500246974913/photo/1","SI"
"109","2025","8 March - Kz","https://www.instagram.com/8marchkz/","KZ","Almaty","2025-03-08","13:00:00","43.23723 76.903874 0 0","43.23723","76.903874","0.0","0.0","Aurora space, –ñ–∞–º–±—ã–ª –∫”©—à–µ—Å—ñ 55/57","{{https://i.imgur.com/RCNniTI.png}}","https://www.instagram.com/p/DGnhllxMGUM/?img_index=1","NO_SE"
"110","2025","Women's March Taiwan","https://www.facebook.com/WomensMarchTaiwan","TW","Taipei","2025-03-07","20:30:00","25.055298 121.546503 0 0","25.055298","121.546503","0.0","0.0","FutureWard- Central, Changchun Rd, Songshan District, Taipei City, Taiwan","{{https://i.imgur.com/BfLPp36.png}}","https://www.facebook.com/events/623849670251346?acontext=%7B%22event_action_history%22%3A[%7B%22surface%22%3A%22search%22%7D%2C%7B%22mechanism%22%3A%22attachment%22%2C%22surface%22%3A%22newsfeed%22%7D]%2C%22ref_notif_type%22%3Anull%7D","NO_SE"
"111","2025","Women's March Tokyo","https://www.instagram.com/womensmarchtokyo/","JP","Tokyo","2025-03-08","13:00:00","35.663973 139.701581 0 0","35.663973","139.701581","0.0","0.0","Jingu-dori Park","{{https://i.imgur.com/ObGWOTB.png}}","https://www.instagram.com/womensmarchtokyo/","NO_SE"
"112","2025","Women's march Maui","https://www.womensmarch.com/","US","Wailuku Maui","2025-03-08","10:00:00","20.889707 -156.502353 0 0","20.889707","-156.502353","0.0","0.0","Main St & High St in front of the state office building 54 S High St","{{https://images.controlshift.app/rails/active_storage/representations/proxy/eyJfcmFpbHMiOnsiZGF0YSI6NjU4NDAwLCJwdXIiOiJibG9iX2lkIn19--7707d746fa2a0e0773d2ea5b6c7ed79e88453478/eyJfcmFpbHMiOnsiZGF0YSI6eyJmb3JtYXQiOiJqcGciLCJzdHJpcCI6dHJ1ZSwicmVzaXplX3RvX2ZpdCI6WzcyNSwzMDBdfSwicHVyIjoidmFyaWF0aW9uIn19--05a588c1e142679bab22bb471238ab7a02053981/CF7E9097-85E6-419A-8142-7F956BA1EBF4.jpg}}","https://action.womensmarch.com/events/international-women-s-day-unite-resist-in-wailuku-maui","NO_SE"
"113","2025","Unidas colmex","https://www.instagram.com/unidascolmex/","MX","CDMX","2025-03-24","16:30:00","19.303837 -99.207963 0 0","19.303837","-99.207963","0.0","0.0","Carretera Picacho Ajusco 20 Ampliaci√≥n, Carr. Picacho-Ajusco, Equipamiento Perif√©rico Picacho Ajusco Canal 13, Tlalpan, 14110 Ciudad de M√©xico, CDMX","{{https://www.instagram.com/p/DG09Gm7P2kA/?img_index=2}}","https://forms.office.com/r/yqrqvcB2tL","NO_SE"
"114","2025","Unidas Colmex","","MX","Ciudad de Mexico","2025-03-10","16:00:00","19.303821 -99.207918 0 0","19.303821","-99.207918","0.0","0.0","Carretera Picacho Ajusco 20 Ampliaci√≥n, Carr. Picacho-Ajusco, Equipamiento Perif√©rico Picacho Ajusco Canal 13, Tlalpan, 14110 Ciudad de M√©xico, CDMX","{{https://www.instagram.com/p/DGi4ssTvQVz/}}","","NO_SE"
"115","2025","Unidas Colmex","","MX","Ciudad de Mexico","2025-03-12","16:00:00","19.303803 -99.207962 0 0","19.303803","-99.207962","0.0","0.0","Carretera Picacho Ajusco 20 Ampliaci√≥n, Carr. Picacho-Ajusco, Equipamiento Perif√©rico Picacho Ajusco Canal 13, Tlalpan, 14110 Ciudad de M√©xico, CDMX","{{https://www.instagram.com/p/DGi4ssTvQVz/}}","","NO_SE"
"116","2025","Chiquihuite Cultural","https://www.facebook.com/share/1UsJshKGZy/","MX","Ciudad de M√©xico","2025-03-08","19:00:00","19.498747 -99.147664 2231.7001953125 28.641000747680664","19.498747","-99.147664","2231.7001953125","28.64100074768066","P.¬∫ del Bosque, Zona de Conservaci√≥n Ecol√≥gica, Gustavo A. Madero, 07145 Ciudad de M√©xico, CDMX","{{https://www.facebook.com/share/1679MU7MyJ/}}","https://lm.facebook.com/l.php?u=https%3A%2F%2Fforms.gle%2FBfjkGN1kq9TkR52K9%3Ffbclid%3DIwZXh0bgNhZW0CMTEAAR1rOnYEepEvTiIpC4Gl5wDtCJ_4bQUXudFwejrGGGXg7KWjB2-OrLzatFA_aem_s2XdwjG7YuyxlaSLNdJLgg&h=AT2k7vwQhpL65Ts7HIqRXsqjPdhMyDo5Lg8o9ZX_zmz0cc1K4KKnEqKvmkEJVfrgW7DoPxiUlmnXtbd_hbJqH_HjQ0rW9jBF4Dayy02Bjq7j7Cg76EUIMmfdRzbNuBdzuNCmEioKqrk4WZzlYPzR","SI"
"117","2025","YoVoy8deMarzo","facebook.com/yovoy8demarzo/","MX","Guadalajara","2025-03-08","16:30:00","20.674829 -103.387399 0 0","20.674829","-103.387399","0.0","0.0","Av. Ignacio L Vallarta, Vallarta, 44110 Guadalajara, Jal.","{{https://www.instagram.com/p/DGGk6mBP7sz/}}","","SI"
"118","2025","Red de Mujeres Organizadas por un Frente Feminista en Quer√©taro","@justiciadigna.qro (ig)","MX","Queretaro","2025-03-08","10:00:00","20.591898 -100.408076 1854.0999755859375 3.7899999618530273","20.591898","-100.408076","1854.099975585938","3.789999961853027","Jard√≠n Guerrero, Centro Hist√≥rico, Quer√©taro, Qro.","{{https://www.instagram.com/p/DGM2PbDgSgQ/?igsh=MWE3ZnM4a2ZjeHM1dg==}}","","SI"
"119","2025","Trenzando Feminismos","https://www.instagram.com/trenzandofeminismos/","EC","Quito","2025-03-08","10:00:00","-0.211315 -78.4968 0 0","-0.211315","-78.4968","0.0","0.0","Parque El Arbolito","{{https://www.instagram.com/p/DGi_dG9v86f/}}","https://www.instagram.com/p/DGi_dG9v86f/","SI"
"120","2025","Affur","Departamento de Montevideo","UY","Montevideo","2025-03-08","11:00:00","-34.857694 -56.143554 60.79999923706055 16.985000610351562","-34.857694","-56.143554","60.79999923706055","16.98500061035156","Canelones 2033 esq Pablo de Mar√≠a. Montevideo","{{https://www.instagram.com/p/DG0YzvCvCRr/?igsh=ZnJzMm4ybGtwN3Uw}}","https://www.instagram.com/p/DG0YzvCvCRr/?igsh=ZnJzMm4ybGtwN3Uw","SI"
"121","2025","CRUE Universidades Espa√±olas","https://www.crue.org/","ES","Zaragoza","2025-03-07","12:00:00","41.641513 -0.89841 0 0","41.641513","-0.89841","0.0","0.0","Campus San Francisco ‚Äì Estanque (escaleras Interfacultades)","{{https://www.crue.org/wp-content/uploads/2023/03/cropped-Logo-Mujeres_WEB-scaled-2.jpg}}","https://www.crue.org/","NO_SE"
"122","2025","Dones de Llefi√†","@grupdonesllefia  grup_dones_llefia","ES","Badalona","2025-03-07","19:00:00","41.437933 2.219076 0 0","41.437933","2.219076","0.0","0.0","Plaza Trafalgar 1-3","{{https://drive.usercontent.google.com/download?id=1RQm2OoFKUn-8TCtd7JXrM_xVPJ9UEpNf}}","https://x.com/grupdonesllefia/status/1894732594287186373?s=19","NO_SE"
"123","2025","Ku√±a Poty, Ku√±a Sorora, Callescuela, ParoMujeresPy","@mujerpoty @ks.altoparana.py","PY","Ciudad del Este","2025-03-08","09:00:00","-25.509336 -54.614969 0 0","-25.509336","-54.614969","0.0","0.0","Ciudad del Este - microcentro avenida San Blas y avenida monse√±or Rodr√≠guez","{{https://i.imgur.com/3XxedXa.png}}","https://www.instagram.com/p/DG0PbG4RG6x/?igsh=MXg0dXhnYm9jbHdpbg%3D%3D","SI"
"124","2025","M√®res au front","https://www.meresaufront.org/","CA","Montreal","2025-03-08","11:00:00","45.501715 -73.57677 0 0","45.501715","-73.57677","0.0","0.0","1134 Sainte-Catherine Ouest, Montreal","{{https://www.meresaufront.org/actions/montreal-ensemble-pour-nos-filles}}","https://www.facebook.com/events/979955947469679/?rdid=uPvSE7C9sGnxf3Vf&share_url=https%3A%2F%2Fwww.facebook.com%2Fshare%2F16G8CZgjTD%2F%3Ffbclid%3DIwY2xjawI2f-ZleHRuA2FlbQIxMAABHRN3fMZENuuoEimkjMTIjeOXVuxw_Fva7TVDOlvxgr_-28mu42pXJIeHIw_aem_X6XiKmVJqcKKvtYWyGTBKg#",""
"125","2025","Ku√±a Sorora Concepci√≥n","https://www.instagram.com/ks.concepcion.py/","PY","Concepci√≥n","2025-03-08","18:00:00","-23.408867 -57.442193 0 0","-23.408867","-57.442193","0.0","0.0","Avenida Mcal. Franciso Solano Lopez","{{https://i.imgur.com/RG3FRzU.png}}","https://www.instagram.com/p/DGzEetIuIzC/?utm_source=ig_web_copy_link&igsh=MzRlODBiNWFlZA==","NO_SE"
"126","2025","Ku√±a Roga","https://kunaroga.org/","PY","Encarnaci√≥n","2025-03-07","15:00:00","-27.32171 -55.873207 0 0","-27.32171","-55.873207","0.0","0.0","Avenida Costanera - Republica del Paraguay","{{https://i.imgur.com/nedCKdK.png}}","https://www.facebook.com/share/p/1VWBDEXj8m/","NO_SE"
"127","2025","B√ºndnis 8M Take Back the Streets","https://takebackthestreets8m.wordpress.com/","AT","Viena","2025-03-08","13:00:00","48.2151389 16.3598889 6985 0","48.2151389","16.3598889","6985.0","0.0","https://maps.app.goo.gl/haYg1Zh6AFjjWY8M8","{{https://scontent-vie1-1.xx.fbcdn.net/v/t39.30808-6/481115447_617143521036415_4849428853952432380_n.jpg?_nc_cat=102&ccb=1-7&_nc_sid=75d36f&_nc_ohc=S3XoXV4din8Q7kNvgHXntmn&_nc_oc=Adg1HTWWXsXMl1-TGGolSvi-pHF_BPBzB__e0J5r_abeRcl6ndaJoSYlV632-kz1hBo&_nc_zt=23&_nc_ht=scontent-vie1-1.xx&_nc_gid=A1eCeGIRh1c3uhqbqoP1WmM&oh=00_AYCZNpu51S9w8OnrefmzDcQ08BqOQG7tyHIWB6-5pENqiQ&oe=67CFA50B}}","https://www.instagram.com/p/DGC2JsCMZzn/?igsh=OTc5Z3VxdXhhMTV1","SI"
"128","2025","Caf√©s  Feministas Almer√≠a","https://linktr.ee/CafesFemAlm","ES","Almer√≠a","2025-03-08","12:00:00","36.832658 -2.462498 0 0","36.832658","-2.462498","0.0","0.0","Parque de las Almadrabillas. Almer√≠a","{{https://pbs.twimg.com/media/GlR7pItW0AAlNSq?format=jpg&name=large}}","https://x.com/cafesfemalm/status/1897277296379355245","SI"
"129","2025","Plataforma 8M Badajoz","https://www.instagram.com/8mbadajoz/","ES","Badajoz","2025-03-08","12:00:00","38.87511 -6.974031 0 0","38.87511","-6.974031","0.0","0.0","Avda Huelva - Plaza San Francisco. Badajoz","{{https://scontent.fbcn7-3.fna.fbcdn.net/v/t51.75761-15/480546013_18135797818379904_9164144287773939211_n.jpg?stp=dst-jpg_tt6&_nc_cat=102&ccb=1-7&_nc_sid=127cfc&_nc_ohc=ejGaN284MWMQ7kNvgHglVBs&_nc_oc=AdiO36TxQiFzzDFXcihSyRMBGlKXMknP_Rz7qrhCRFld1SNuEPf5qU6I2UrPxGpsf7o&_nc_zt=23&_nc_ht=scontent.fbcn7-3.fna&_nc_gid=AcZHMm67frL3md7R4s0xY9G&oh=00_AYDpvlyB3I9RH3eChSiBWQp9U_f6Ozx3IQS_CARl_-Xebg&oe=67CFAB1B}}","https://www.facebook.com/photo?fbid=664040109461491&set=a.254536443745195","SI"
"130","2025","Coordinadora Feminista de Burgos","https://www.facebook.com/Colectivo8deMarzo","ES","Burgos","2025-03-08","20:00:00","42.340682 -3.699563 0 0","42.340682","-3.699563","0.0","0.0","Plaza del Cid. Burgos","{{https://scontent.fbcn7-3.fna.fbcdn.net/v/t39.30808-6/481676293_1078793250955897_2331698544086050043_n.jpg?_nc_cat=102&ccb=1-7&_nc_sid=833d8c&_nc_ohc=gYZQLBqjah0Q7kNvgEtMGYe&_nc_oc=Adhsjq0lYYOMuZsOCqYiotniyxEWIpSX5jxlP_MdaMsBmzo_x9Vih6MlX9wUU_BI_zQ&_nc_zt=23&_nc_ht=scontent.fbcn7-3.fna&_nc_gid=AdHIs6wghOGLttiwAx_lBsl&oh=00_AYCgzkaJkzI5BSsmS00GF-3Vkc4i_lnyD7HegzTsMcftzQ&oe=67CFAA02}}","https://www.facebook.com/photo?fbid=1078793244289231&set=a.636650088503551","NO_SE"
"131","2025","Comisi√≥n 8M C√°diz","https://www.instagram.com/cadiz_feminista/","ES","C√°diz","2025-03-08","11:30:00","36.517785 -6.284473 0 0","36.517785","-6.284473","0.0","0.0","Plaza Asdr√∫bal. C√°diz","{{https://pbs.twimg.com/media/GkoIcbKWkAM3Noo?format=jpg&name=large}}","https://www.instagram.com/p/DGK7eMINVG6/","SI"
"132","2025","Colectivos Feministas Provincia de C√°diz","https://www.facebook.com/Coord.FeministasCadiz","ES","El Puerto de Santa Mar√≠a. C√°diz","2025-03-08","12:00:00","36.597049 -6.23292 0 0","36.597049","-6.23292","0.0","0.0","Plaza El√≠as Ahuja, 11500 El Puerto de Santa Mar√≠a (C√°diz), Espa√±a","{{https://scontent.fbcn7-3.fna.fbcdn.net/v/t39.30808-6/480573849_1041816467973599_477551028756942683_n.jpg?_nc_cat=104&ccb=1-7&_nc_sid=75d36f&_nc_ohc=A-TmM3SKYP8Q7kNvgHpiMvg&_nc_oc=AdiQmd_V1p5PBNg1Aazw0pDMOSyLaZGq-hphNQhPVv0w1fOWsQFzIcqfs-PfEjNmyho&_nc_zt=23&_nc_ht=scontent.fbcn7-3.fna&_nc_gid=AmZ_zikpo2nidmqVdAcn-Tz&oh=00_AYB8TSl8Q8geVpKmmJXkAsu9ly1UZKiYZMiz8dCH5MbTOg&oe=67CFC737}}","https://www.facebook.com/events/2106197063232483/?acontext=%7B%22event_action_history%22%3A[%7B%22surface%22%3A%22external%22%7D%2C%7B%22mechanism%22%3A%22attachment%22%2C%22surface%22%3A%22newsfeed%22%7D]%2C%22ref_notif_type%22%3Anull%7D","NO_SE"
"133","2025","Euskal Herriko Mugimendu Feminista","https://x.com/M8EuskalHerria","ES","Donostia","2025-03-08","12:30:00","43.315348 -1.998747 0 0","43.315348","-1.998747","0.0","0.0","Antiguoko Tuneletik. Donostia","{{https://pbs.twimg.com/media/GkNy0w6WwAAXMfY?format=jpg&name=large}}","https://x.com/M8EuskalHerria/status/1892482531070542033/photo/1","NO_SE"
"134","2025","Euskal Herriko Mugimendu Feminista","https://x.com/M8EuskalHerria","ES","Gasteiz","2025-03-08","12:30:00","42.853379 -2.668817 0 0","42.853379","-2.668817","0.0","0.0","San Antonetik. Gasteiz","{{https://pbs.twimg.com/media/GkNy0w6WwAAXMfY?format=jpg&name=large}}","https://x.com/M8EuskalHerria/status/1892482531070542033","NO_SE"
"135","2025","Euskal Herriko Mugimendu Feminista","https://x.com/M8EuskalHerria","ES","Bilbo","2025-03-08","18:00:00","43.263063 -2.935106 0 0","43.263063","-2.935106","0.0","0.0","Jesusen Bihotzetik. Bilbo","{{https://pbs.twimg.com/media/GkNy0w6WwAAXMfY?format=jpg&name=large}}","https://x.com/M8EuskalHerria/status/1892482531070542033","NO_SE"
"136","2025","Euskal Herriko Mugimendu Feminista","https://x.com/M8EuskalHerria","ES","Iru√±ea","2025-03-08","13:00:00","42.816109 -1.653554 0 0","42.816109","-1.653554","0.0","0.0","Antoniuttitik. Iru√±a","{{https://pbs.twimg.com/media/GkNy0w6WwAAXMfY?format=jpg&name=large}}","https://x.com/M8EuskalHerria/status/1892482531070542033","NO_SE"
"137","2025","Euskal Herriko Mugimendu Feminista","https://x.com/M8EuskalHerria","ES","Baiona","2025-03-08","17:00:00","43.496447 -1.472671 0 0","43.496447","-1.472671","0.0","0.0","Geltokitik. Baiona","{{https://pbs.twimg.com/media/GkNy0w6WwAAXMfY?format=jpg&name=large}}","https://x.com/M8EuskalHerria/status/1892482531070542033","NO_SE"
"138","2025","Granollers Feminista","","ES","Granollers","2025-03-08","18:30:00","41.607299 2.289913 0 0","41.607299","2.289913","0.0","0.0","Pla√ßa del Cony, 08402 Granollers, Barcelona","{{https://www.instagram.com/granollersfeminista/p/DGTJb3GtL4l/}}","","SI"
"139","2025","Granollers Feminista","","ES","Granollers","2025-03-08","11:30:00","41.60777243066123 2.286425013492772 0 0","41.60777243066123","2.286425013492772","0.0","0.0","Pla√ßa de l‚ÄôEsgl√©sia, Granollers, 08401, Barcelona","{{https://www.instagram.com/granollersfeminista/p/DGtS2tgtINc/}}","https://www.instagram.com/granollersfeminista/p/DGtS2tgtINc/","SI"
"140","2025","Granollers Feminista","","ES","Granollers","2025-03-08","12:00:00","41.60777243066123 2.286425013492772 0 0","41.60777243066123","2.286425013492772","0.0","0.0","Pla√ßa de l‚ÄôEsgl√©sia, Granollers, 08401, Barcelona","{{https://www.instagram.com/granollersfeminista/p/DGtS2tgtINc/}}","https://www.instagram.com/granollersfeminista/p/DGtS2tgtINc/","SI"
"141","2025","Granollers Feminista","","ES","Granollers","2025-03-08","16:30:00","41.607299 2.289913 0 0","41.607299","2.289913","0.0","0.0","Pla√ßa del Cony, 08402 Granollers, Barcelona","{{https://www.instagram.com/granollersfeminista/p/DGtS2tgtINc/}}","https://www.instagram.com/granollersfeminista/p/DGtS2tgtINc/","SI"
"142","2025","Granollers Feminista","","ES","Granollers","2025-03-08","17:30:00","41.607299 2.289913 0 0","41.607299","2.289913","0.0","0.0","Pla√ßa del Cony, 08402 Granollers, Barcelona","{{https://www.instagram.com/granollersfeminista/p/DGtS2tgtINc/}}","","SI"
"143","2025","Ku√±a Sorora Alto Paran√°","https://www.instagram.com/ks.altoparana.py/","PY","Ciudad del Este","2025-03-08","09:00:00","-25.515934 -54.608887 0 0","-25.515934","-54.608887","0.0","0.0","Paseo central, al costado este de la junta municipal","{{https://i.imgur.com/3XxedXa.png}}","https://www.instagram.com/p/DG3nrItJ-7p/","SI"
"144","2025","Escuela de Geograf√≠a Universidad de Costa Rica","https://www.instagram.com/geografiaucr/","CR","San Jos√©","2025-03-13","15:00:00","9.940752 -84.043314 0 0","9.940752","-84.043314","0.0","0.0","Sal√≥n Multiusos Escuela de Geograf√≠a","{{https://i.imgur.com/UCVtNZI.png}}","https://www.instagram.com/p/DG3euAVx3di/","SI"
